filepath,digit
./data/67-0-0.wav,0
./data/184-3-0.wav,0
./data/184-1-0.wav,0
./data/180-0-0.wav,0
./data/177-2-0.wav,0
./data/176-3-0.wav,0
./data/168-3-0.wav,0
./data/166-1-0.wav,0
./data/164-2-0.wav,0
./data/164-3-0.wav,0
./data/188-0-0.wav,0
./data/163-1-0.wav,0
./data/156-3-0.wav,0
./data/154-2-0.wav,0
./data/152-3-0.wav,0
./data/151-1-0.wav,0
./data/150-2-0.wav,0
./data/150-0-0.wav,0
./data/148-0-0.wav,0
./data/145-1-0.wav,0
./data/144-2-0.wav,0
./data/158-2-0.wav,0
./data/191-3-0.wav,0
./data/192-3-0.wav,0
./data/197-2-0.wav,0
./data/257-0-0.wav,0
./data/249-0-0.wav,0
./data/247-2-0.wav,0
./data/245-1-0.wav,0
./data/244-0-0.wav,0
./data/239-3-0.wav,0
./data/234-3-0.wav,0
./data/232-2-0.wav,0
./data/229-2-0.wav,0
./data/225-0-0.wav,0
./data/221-1-0.wav,0
./data/220-1-0.wav,0
./data/215-3-0.wav,0
./data/214-3-0.wav,0
./data/212-0-0.wav,0
./data/212-2-0.wav,0
./data/211-1-0.wav,0
./data/209-0-0.wav,0
./data/201-3-0.wav,0
./data/200-1-0.wav,0
./data/199-3-0.wav,0
./data/143-0-0.wav,0
./data/262-0-0.wav,0
./data/142-1-0.wav,0
./data/137-2-0.wav,0
./data/60-0-0.wav,0
./data/58-0-0.wav,0
./data/53-3-0.wav,0
./data/48-2-0.wav,0
./data/44-0-0.wav,0
./data/44-1-0.wav,0
./data/31-1-0.wav,0
./data/31-2-0.wav,0
./data/29-3-0.wav,0
./data/61-3-0.wav,0
./data/26-2-0.wav,0
./data/24-0-0.wav,0
./data/23-3-0.wav,0
./data/23-2-0.wav,0
./data/22-0-0.wav,0
./data/19-1-0.wav,0
./data/17-1-0.wav,0
./data/14-0-0.wav,0
./data/10-0-0.wav,0
./data/7-1-0.wav,0
./data/25-0-0.wav,0
./data/63-1-0.wav,0
./data/64-2-0.wav,0
./data/64-0-0.wav,0
./data/133-0-0.wav,0
./data/129-3-0.wav,0
./data/128-0-0.wav,0
./data/127-0-0.wav,0
./data/126-2-0.wav,0
./data/120-1-0.wav,0
./data/119-0-0.wav,0
./data/119-3-0.wav,0
./data/116-2-0.wav,0
./data/114-0-0.wav,0
./data/114-1-0.wav,0
./data/111-1-0.wav,0
./data/106-0-0.wav,0
./data/91-2-0.wav,0
./data/86-3-0.wav,0
./data/80-0-0.wav,0
./data/80-3-0.wav,0
./data/80-2-0.wav,0
./data/79-0-0.wav,0
./data/76-0-0.wav,0
./data/70-1-0.wav,0
./data/141-3-0.wav,0
./data/269-0-0.wav,0
./data/271-3-0.wav,0
./data/280-3-0.wav,0
./data/434-2-0.wav,0
./data/433-0-0.wav,0
./data/430-0-0.wav,0
./data/417-1-0.wav,0
./data/412-2-0.wav,0
./data/409-0-0.wav,0
./data/407-1-0.wav,0
./data/402-1-0.wav,0
./data/400-1-0.wav,0
./data/441-2-0.wav,0
./data/397-3-0.wav,0
./data/393-1-0.wav,0
./data/391-2-0.wav,0
./data/390-3-0.wav,0
./data/390-1-0.wav,0
./data/389-2-0.wav,0
./data/387-0-0.wav,0
./data/387-3-0.wav,0
./data/384-0-0.wav,0
./data/383-2-0.wav,0
./data/395-3-0.wav,0
./data/443-3-0.wav,0
./data/446-1-0.wav,0
./data/449-1-0.wav,0
./data/498-2-0.wav,0
./data/497-1-0.wav,0
./data/495-0-0.wav,0
./data/492-1-0.wav,0
./data/490-0-0.wav,0
./data/489-1-0.wav,0
./data/488-1-0.wav,0
./data/488-3-0.wav,0
./data/488-0-0.wav,0
./data/487-2-0.wav,0
./data/486-1-0.wav,0
./data/481-3-0.wav,0
./data/480-1-0.wav,0
./data/470-2-0.wav,0
./data/469-3-0.wav,0
./data/468-3-0.wav,0
./data/467-2-0.wav,0
./data/464-2-0.wav,0
./data/458-2-0.wav,0
./data/456-3-0.wav,0
./data/451-1-0.wav,0
./data/377-2-0.wav,0
./data/376-3-0.wav,0
./data/375-3-0.wav,0
./data/370-0-0.wav,0
./data/313-3-0.wav,0
./data/311-1-0.wav,0
./data/311-3-0.wav,0
./data/310-3-0.wav,0
./data/306-1-0.wav,0
./data/305-1-0.wav,0
./data/305-0-0.wav,0
./data/304-0-0.wav,0
./data/301-0-0.wav,0
./data/300-0-0.wav,0
./data/300-3-0.wav,0
./data/299-2-0.wav,0
./data/298-1-0.wav,0
./data/297-0-0.wav,0
./data/294-0-0.wav,0
./data/292-1-0.wav,0
./data/289-2-0.wav,0
./data/288-2-0.wav,0
./data/287-3-0.wav,0
./data/286-1-0.wav,0
./data/284-3-0.wav,0
./data/314-3-0.wav,0
./data/2-3-0.wav,0
./data/315-0-0.wav,0
./data/316-3-0.wav,0
./data/368-1-0.wav,0
./data/363-2-0.wav,0
./data/362-3-0.wav,0
./data/361-1-0.wav,0
./data/360-2-0.wav,0
./data/350-0-0.wav,0
./data/345-3-0.wav,0
./data/341-1-0.wav,0
./data/337-0-0.wav,0
./data/335-2-0.wav,0
./data/335-0-0.wav,0
./data/334-0-0.wav,0
./data/333-2-0.wav,0
./data/330-3-0.wav,0
./data/327-1-0.wav,0
./data/326-3-0.wav,0
./data/322-0-0.wav,0
./data/319-1-0.wav,0
./data/319-3-0.wav,0
./data/318-3-0.wav,0
./data/318-1-0.wav,0
./data/315-2-0.wav,0
./data/1-1-0.wav,0
./data/0-1-1.wav,1
./data/182-3-1.wav,1
./data/160-0-1.wav,1
./data/160-1-1.wav,1
./data/157-1-1.wav,1
./data/155-1-1.wav,1
./data/146-1-1.wav,1
./data/141-1-1.wav,1
./data/138-1-1.wav,1
./data/136-3-1.wav,1
./data/167-2-1.wav,1
./data/134-0-1.wav,1
./data/128-2-1.wav,1
./data/126-1-1.wav,1
./data/119-2-1.wav,1
./data/118-1-1.wav,1
./data/117-2-1.wav,1
./data/112-1-1.wav,1
./data/109-3-1.wav,1
./data/105-0-1.wav,1
./data/134-2-1.wav,1
./data/171-0-1.wav,1
./data/172-3-1.wav,1
./data/176-2-1.wav,1
./data/245-3-1.wav,1
./data/241-0-1.wav,1
./data/240-0-1.wav,1
./data/240-2-1.wav,1
./data/235-0-1.wav,1
./data/227-0-1.wav,1
./data/223-2-1.wav,1
./data/222-2-1.wav,1
./data/218-3-1.wav,1
./data/208-2-1.wav,1
./data/204-3-1.wav,1
./data/203-2-1.wav,1
./data/202-3-1.wav,1
./data/195-3-1.wav,1
./data/190-2-1.wav,1
./data/189-2-1.wav,1
./data/188-1-1.wav,1
./data/185-3-1.wav,1
./data/181-3-1.wav,1
./data/96-2-1.wav,1
./data/92-1-1.wav,1
./data/92-0-1.wav,1
./data/89-0-1.wav,1
./data/42-1-1.wav,1
./data/41-1-1.wav,1
./data/41-3-1.wav,1
./data/36-0-1.wav,1
./data/33-0-1.wav,1
./data/27-3-1.wav,1
./data/24-2-1.wav,1
./data/22-1-1.wav,1
./data/21-0-1.wav,1
./data/19-2-1.wav,1
./data/18-0-1.wav,1
./data/18-3-1.wav,1
./data/17-0-1.wav,1
./data/16-2-1.wav,1
./data/13-2-1.wav,1
./data/13-0-1.wav,1
./data/9-2-1.wav,1
./data/8-3-1.wav,1
./data/2-2-1.wav,1
./data/45-1-1.wav,1
./data/248-3-1.wav,1
./data/45-0-1.wav,1
./data/49-1-1.wav,1
./data/89-1-1.wav,1
./data/85-0-1.wav,1
./data/84-3-1.wav,1
./data/81-2-1.wav,1
./data/78-1-1.wav,1
./data/76-3-1.wav,1
./data/75-1-1.wav,1
./data/74-2-1.wav,1
./data/74-3-1.wav,1
./data/73-2-1.wav,1
./data/73-0-1.wav,1
./data/72-3-1.wav,1
./data/70-2-1.wav,1
./data/69-2-1.wav,1
./data/68-3-1.wav,1
./data/61-2-1.wav,1
./data/61-1-1.wav,1
./data/60-1-1.wav,1
./data/55-0-1.wav,1
./data/48-1-1.wav,1
./data/248-1-1.wav,1
./data/250-1-1.wav,1
./data/253-2-1.wav,1
./data/427-2-1.wav,1
./data/426-1-1.wav,1
./data/426-3-1.wav,1
./data/425-0-1.wav,1
./data/423-3-1.wav,1
./data/422-2-1.wav,1
./data/421-0-1.wav,1
./data/420-2-1.wav,1
./data/417-2-1.wav,1
./data/415-0-1.wav,1
./data/414-2-1.wav,1
./data/413-1-1.wav,1
./data/411-3-1.wav,1
./data/403-3-1.wav,1
./data/401-1-1.wav,1
./data/389-1-1.wav,1
./data/388-2-1.wav,1
./data/381-0-1.wav,1
./data/369-2-1.wav,1
./data/427-3-1.wav,1
./data/362-0-1.wav,1
./data/433-1-1.wav,1
./data/440-0-1.wav,1
./data/463-2-1.wav,1
./data/466-1-1.wav,1
./data/467-3-1.wav,1
./data/467-1-1.wav,1
./data/472-3-1.wav,1
./data/474-1-1.wav,1
./data/479-1-1.wav,1
./data/480-3-1.wav,1
./data/484-3-1.wav,1
./data/487-0-1.wav,1
./data/490-1-1.wav,1
./data/499-1-1.wav,1
./data/457-0-1.wav,1
./data/457-2-1.wav,1
./data/456-1-1.wav,1
./data/453-0-1.wav,1
./data/447-3-1.wav,1
./data/446-3-1.wav,1
./data/441-1-1.wav,1
./data/439-0-1.wav,1
./data/2-1-1.wav,1
./data/359-3-1.wav,1
./data/358-0-1.wav,1
./data/306-0-1.wav,1
./data/305-2-1.wav,1
./data/300-2-1.wav,1
./data/292-3-1.wav,1
./data/289-1-1.wav,1
./data/288-0-1.wav,1
./data/285-2-1.wav,1
./data/284-2-1.wav,1
./data/284-0-1.wav,1
./data/279-1-1.wav,1
./data/277-1-1.wav,1
./data/274-2-1.wav,1
./data/265-1-1.wav,1
./data/264-3-1.wav,1
./data/263-0-1.wav,1
./data/263-2-1.wav,1
./data/260-2-1.wav,1
./data/255-2-1.wav,1
./data/255-1-1.wav,1
./data/308-0-1.wav,1
./data/359-0-1.wav,1
./data/308-2-1.wav,1
./data/312-3-1.wav,1
./data/354-1-1.wav,1
./data/352-1-1.wav,1
./data/352-3-1.wav,1
./data/350-1-1.wav,1
./data/347-1-1.wav,1
./data/342-3-1.wav,1
./data/338-2-1.wav,1
./data/338-0-1.wav,1
./data/336-2-1.wav,1
./data/335-1-1.wav,1
./data/332-0-1.wav,1
./data/330-2-1.wav,1
./data/329-3-1.wav,1
./data/328-3-1.wav,1
./data/322-1-1.wav,1
./data/321-1-1.wav,1
./data/320-3-1.wav,1
./data/317-1-1.wav,1
./data/316-0-1.wav,1
./data/309-1-1.wav,1
./data/461-3-1.wav,1
./data/458-3-1.wav,1
./data/162-3-2.wav,2
./data/313-0-2.wav,2
./data/314-1-2.wav,2
./data/315-3-2.wav,2
./data/318-0-2.wav,2
./data/323-1-2.wav,2
./data/323-3-2.wav,2
./data/325-2-2.wav,2
./data/325-0-2.wav,2
./data/327-2-2.wav,2
./data/329-2-2.wav,2
./data/331-1-2.wav,2
./data/335-3-2.wav,2
./data/343-2-2.wav,2
./data/344-0-2.wav,2
./data/346-1-2.wav,2
./data/348-2-2.wav,2
./data/350-2-2.wav,2
./data/355-3-2.wav,2
./data/355-1-2.wav,2
./data/357-3-2.wav,2
./data/359-1-2.wav,2
./data/312-1-2.wav,2
./data/304-2-2.wav,2
./data/303-1-2.wav,2
./data/303-3-2.wav,2
./data/254-1-2.wav,2
./data/260-0-2.wav,2
./data/261-3-2.wav,2
./data/262-2-2.wav,2
./data/267-1-2.wav,2
./data/269-1-2.wav,2
./data/271-1-2.wav,2
./data/274-1-2.wav,2
./data/276-3-2.wav,2
./data/278-2-2.wav,2
./data/363-0-2.wav,2
./data/280-0-2.wav,2
./data/283-0-2.wav,2
./data/285-1-2.wav,2
./data/286-3-2.wav,2
./data/286-0-2.wav,2
./data/287-2-2.wav,2
./data/287-0-2.wav,2
./data/289-0-2.wav,2
./data/298-0-2.wav,2
./data/301-1-2.wav,2
./data/303-0-2.wav,2
./data/281-3-2.wav,2
./data/364-3-2.wav,2
./data/365-3-2.wav,2
./data/367-2-2.wav,2
./data/448-1-2.wav,2
./data/452-1-2.wav,2
./data/455-3-2.wav,2
./data/455-0-2.wav,2
./data/455-1-2.wav,2
./data/457-3-2.wav,2
./data/462-2-2.wav,2
./data/464-1-2.wav,2
./data/465-0-2.wav,2
./data/468-1-2.wav,2
./data/444-2-2.wav,2
./data/471-2-2.wav,2
./data/478-0-2.wav,2
./data/482-0-2.wav,2
./data/483-1-2.wav,2
./data/483-0-2.wav,2
./data/492-2-2.wav,2
./data/496-1-2.wav,2
./data/496-0-2.wav,2
./data/498-0-2.wav,2
./data/499-0-2.wav,2
./data/160-2-2.wav,2
./data/473-3-2.wav,2
./data/253-3-2.wav,2
./data/436-2-2.wav,2
./data/434-0-2.wav,2
./data/367-1-2.wav,2
./data/370-2-2.wav,2
./data/382-0-2.wav,2
./data/382-3-2.wav,2
./data/383-0-2.wav,2
./data/386-0-2.wav,2
./data/389-0-2.wav,2
./data/391-1-2.wav,2
./data/394-3-2.wav,2
./data/395-1-2.wav,2
./data/436-0-2.wav,2
./data/400-2-2.wav,2
./data/408-0-2.wav,2
./data/410-0-2.wav,2
./data/411-0-2.wav,2
./data/418-3-2.wav,2
./data/420-3-2.wav,2
./data/423-0-2.wav,2
./data/425-1-2.wav,2
./data/427-1-2.wav,2
./data/429-0-2.wav,2
./data/430-3-2.wav,2
./data/400-0-2.wav,2
./data/251-0-2.wav,2
./data/266-2-2.wav,2
./data/247-1-2.wav,2
./data/83-2-2.wav,2
./data/83-3-2.wav,2
./data/77-0-2.wav,2
./data/76-2-2.wav,2
./data/70-0-2.wav,2
./data/68-1-2.wav,2
./data/66-1-2.wav,2
./data/62-3-2.wav,2
./data/62-0-2.wav,2
./data/56-2-2.wav,2
./data/84-2-2.wav,2
./data/54-3-2.wav,2
./data/42-2-2.wav,2
./data/40-3-2.wav,2
./data/39-3-2.wav,2
./data/38-1-2.wav,2
./data/34-1-2.wav,2
./data/33-3-2.wav,2
./data/251-3-2.wav,2
./data/32-3-2.wav,2
./data/29-0-2.wav,2
./data/20-3-2.wav,2
./data/49-0-2.wav,2
./data/18-1-2.wav,2
./data/93-2-2.wav,2
./data/97-2-2.wav,2
./data/153-1-2.wav,2
./data/152-1-2.wav,2
./data/149-1-2.wav,2
./data/149-2-2.wav,2
./data/149-0-2.wav,2
./data/143-3-2.wav,2
./data/137-0-2.wav,2
./data/135-0-2.wav,2
./data/130-3-2.wav,2
./data/126-3-2.wav,2
./data/94-0-2.wav,2
./data/118-3-2.wav,2
./data/110-0-2.wav,2
./data/108-3-2.wav,2
./data/107-1-2.wav,2
./data/107-2-2.wav,2
./data/106-1-2.wav,2
./data/105-2-2.wav,2
./data/103-1-2.wav,2
./data/102-1-2.wav,2
./data/100-0-2.wav,2
./data/98-0-2.wav,2
./data/112-3-2.wav,2
./data/15-3-2.wav,2
./data/33-2-2.wav,2
./data/11-1-2.wav,2
./data/197-0-2.wav,2
./data/203-1-2.wav,2
./data/211-3-2.wav,2
./data/11-2-2.wav,2
./data/213-3-2.wav,2
./data/213-1-2.wav,2
./data/218-0-2.wav,2
./data/219-2-2.wav,2
./data/221-2-2.wav,2
./data/222-0-2.wav,2
./data/224-2-2.wav,2
./data/225-3-2.wav,2
./data/225-2-2.wav,2
./data/230-3-2.wav,2
./data/231-0-2.wav,2
./data/234-1-2.wav,2
./data/235-2-2.wav,2
./data/238-3-2.wav,2
./data/238-1-2.wav,2
./data/242-1-2.wav,2
./data/244-1-2.wav,2
./data/196-2-2.wav,2
./data/195-1-2.wav,2
./data/212-3-2.wav,2
./data/193-0-2.wav,2
./data/5-0-2.wav,2
./data/1-0-2.wav,2
./data/163-0-2.wav,2
./data/164-0-2.wav,2
./data/194-1-2.wav,2
./data/165-0-2.wav,2
./data/167-1-2.wav,2
./data/167-0-2.wav,2
./data/168-0-2.wav,2
./data/168-1-2.wav,2
./data/173-1-2.wav,2
./data/165-1-2.wav,2
./data/173-3-2.wav,2
./data/174-0-2.wav,2
./data/174-3-2.wav,2
./data/177-0-2.wav,2
./data/180-3-2.wav,2
./data/180-2-2.wav,2
./data/181-0-2.wav,2
./data/186-1-2.wav,2
./data/192-1-2.wav,2
./data/173-2-2.wav,2
./data/193-2-2.wav,2
./data/21-2-3.wav,3
./data/19-3-3.wav,3
./data/16-3-3.wav,3
./data/12-2-3.wav,3
./data/11-3-3.wav,3
./data/3-2-3.wav,3
./data/9-3-3.wav,3
./data/5-1-3.wav,3
./data/3-3-3.wav,3
./data/2-0-3.wav,3
./data/22-3-3.wav,3
./data/10-2-3.wav,3
./data/24-3-3.wav,3
./data/26-1-3.wav,3
./data/28-1-3.wav,3
./data/336-1-3.wav,3
./data/339-0-3.wav,3
./data/341-0-3.wav,3
./data/342-0-3.wav,3
./data/346-3-3.wav,3
./data/346-0-3.wav,3
./data/347-0-3.wav,3
./data/348-1-3.wav,3
./data/351-3-3.wav,3
./data/351-0-3.wav,3
./data/334-1-3.wav,3
./data/353-3-3.wav,3
./data/357-1-3.wav,3
./data/361-0-3.wav,3
./data/363-3-3.wav,3
./data/364-0-3.wav,3
./data/365-1-3.wav,3
./data/366-0-3.wav,3
./data/370-1-3.wav,3
./data/370-3-3.wav,3
./data/372-0-3.wav,3
./data/374-1-3.wav,3
./data/353-0-3.wav,3
./data/330-1-3.wav,3
./data/325-1-3.wav,3
./data/323-0-3.wav,3
./data/276-2-3.wav,3
./data/276-0-3.wav,3
./data/278-1-3.wav,3
./data/278-0-3.wav,3
./data/279-3-3.wav,3
./data/293-0-3.wav,3
./data/293-3-3.wav,3
./data/294-3-3.wav,3
./data/294-2-3.wav,3
./data/294-1-3.wav,3
./data/296-3-3.wav,3
./data/296-1-3.wav,3
./data/297-3-3.wav,3
./data/302-1-3.wav,3
./data/304-3-3.wav,3
./data/305-3-3.wav,3
./data/306-3-3.wav,3
./data/307-0-3.wav,3
./data/311-2-3.wav,3
./data/316-1-3.wav,3
./data/317-0-3.wav,3
./data/320-0-3.wav,3
./data/321-0-3.wav,3
./data/377-3-3.wav,3
./data/271-0-3.wav,3
./data/382-1-3.wav,3
./data/388-0-3.wav,3
./data/450-1-3.wav,3
./data/453-2-3.wav,3
./data/453-1-3.wav,3
./data/457-1-3.wav,3
./data/458-0-3.wav,3
./data/459-3-3.wav,3
./data/461-2-3.wav,3
./data/463-0-3.wav,3
./data/472-1-3.wav,3
./data/474-3-3.wav,3
./data/449-2-3.wav,3
./data/476-3-3.wav,3
./data/479-2-3.wav,3
./data/480-0-3.wav,3
./data/483-3-3.wav,3
./data/486-3-3.wav,3
./data/489-3-3.wav,3
./data/494-2-3.wav,3
./data/494-1-3.wav,3
./data/494-0-3.wav,3
./data/497-3-3.wav,3
./data/498-1-3.wav,3
./data/477-3-3.wav,3
./data/444-0-3.wav,3
./data/443-1-3.wav,3
./data/438-0-3.wav,3
./data/390-2-3.wav,3
./data/392-1-3.wav,3
./data/393-2-3.wav,3
./data/395-0-3.wav,3
./data/395-2-3.wav,3
./data/399-2-3.wav,3
./data/405-2-3.wav,3
./data/406-2-3.wav,3
./data/409-1-3.wav,3
./data/413-3-3.wav,3
./data/416-1-3.wav,3
./data/420-1-3.wav,3
./data/421-1-3.wav,3
./data/422-1-3.wav,3
./data/425-2-3.wav,3
./data/431-0-3.wav,3
./data/431-1-3.wav,3
./data/432-0-3.wav,3
./data/435-0-3.wav,3
./data/436-3-3.wav,3
./data/437-0-3.wav,3
./data/437-3-3.wav,3
./data/437-1-3.wav,3
./data/385-1-3.wav,3
./data/271-2-3.wav,3
./data/291-1-3.wav,3
./data/268-2-3.wav,3
./data/89-2-3.wav,3
./data/90-3-3.wav,3
./data/90-0-3.wav,3
./data/91-0-3.wav,3
./data/93-0-3.wav,3
./data/95-3-3.wav,3
./data/97-0-3.wav,3
./data/97-3-3.wav,3
./data/98-2-3.wav,3
./data/87-0-3.wav,3
./data/99-2-3.wav,3
./data/110-3-3.wav,3
./data/117-3-3.wav,3
./data/121-2-3.wav,3
./data/124-2-3.wav,3
./data/125-3-3.wav,3
./data/128-3-3.wav,3
./data/129-0-3.wav,3
./data/131-1-3.wav,3
./data/131-0-3.wav,3
./data/269-3-3.wav,3
./data/85-2-3.wav,3
./data/79-3-3.wav,3
./data/78-3-3.wav,3
./data/34-0-3.wav,3
./data/35-1-3.wav,3
./data/43-1-3.wav,3
./data/44-3-3.wav,3
./data/44-2-3.wav,3
./data/46-1-3.wav,3
./data/47-3-3.wav,3
./data/48-3-3.wav,3
./data/50-1-3.wav,3
./data/51-0-3.wav,3
./data/52-1-3.wav,3
./data/53-2-3.wav,3
./data/53-1-3.wav,3
./data/57-1-3.wav,3
./data/59-2-3.wav,3
./data/60-2-3.wav,3
./data/68-2-3.wav,3
./data/74-0-3.wav,3
./data/75-2-3.wav,3
./data/75-0-3.wav,3
./data/75-3-3.wav,3
./data/133-1-3.wav,3
./data/136-0-3.wav,3
./data/99-3-3.wav,3
./data/137-3-3.wav,3
./data/213-2-3.wav,3
./data/214-2-3.wav,3
./data/215-0-3.wav,3
./data/216-1-3.wav,3
./data/218-2-3.wav,3
./data/224-1-3.wav,3
./data/226-0-3.wav,3
./data/228-1-3.wav,3
./data/136-2-3.wav,3
./data/230-2-3.wav,3
./data/232-1-3.wav,3
./data/235-1-3.wav,3
./data/241-2-3.wav,3
./data/249-2-3.wav,3
./data/250-0-3.wav,3
./data/254-2-3.wav,3
./data/259-3-3.wav,3
./data/260-3-3.wav,3
./data/261-1-3.wav,3
./data/262-3-3.wav,3
./data/266-0-3.wav,3
./data/211-0-3.wav,3
./data/210-0-3.wav,3
./data/17-2-3.wav,3
./data/205-1-3.wav,3
./data/139-1-3.wav,3
./data/142-2-3.wav,3
./data/147-2-3.wav,3
./data/147-0-3.wav,3
./data/147-1-3.wav,3
./data/153-3-3.wav,3
./data/210-2-3.wav,3
./data/154-0-3.wav,3
./data/154-3-3.wav,3
./data/156-0-3.wav,3
./data/164-1-3.wav,3
./data/175-2-3.wav,3
./data/154-1-3.wav,3
./data/205-2-3.wav,3
./data/203-0-3.wav,3
./data/202-1-3.wav,3
./data/198-0-3.wav,3
./data/196-3-3.wav,3
./data/189-3-3.wav,3
./data/178-1-3.wav,3
./data/182-0-3.wav,3
./data/177-1-3.wav,3
./data/471-3-4.wav,4
./data/477-0-4.wav,4
./data/485-0-4.wav,4
./data/489-0-4.wav,4
./data/491-3-4.wav,4
./data/492-0-4.wav,4
./data/492-3-4.wav,4
./data/476-1-4.wav,4
./data/474-0-4.wav,4
./data/481-1-4.wav,4
./data/469-1-4.wav,4
./data/442-3-4.wav,4
./data/495-1-4.wav,4
./data/459-2-4.wav,4
./data/440-1-4.wav,4
./data/451-2-4.wav,4
./data/429-1-4.wav,4
./data/438-1-4.wav,4
./data/440-3-4.wav,4
./data/445-0-4.wav,4
./data/443-0-4.wav,4
./data/442-1-4.wav,4
./data/461-1-4.wav,4
./data/430-2-4.wav,4
./data/37-3-4.wav,4
./data/424-1-4.wav,4
./data/172-2-4.wav,4
./data/172-1-4.wav,4
./data/170-1-4.wav,4
./data/169-0-4.wav,4
./data/163-3-4.wav,4
./data/162-2-4.wav,4
./data/162-0-4.wav,4
./data/159-2-4.wav,4
./data/157-3-4.wav,4
./data/157-0-4.wav,4
./data/153-0-4.wav,4
./data/148-3-4.wav,4
./data/145-2-4.wav,4
./data/144-3-4.wav,4
./data/141-2-4.wav,4
./data/138-2-4.wav,4
./data/137-1-4.wav,4
./data/174-1-4.wav,4
./data/176-0-4.wav,4
./data/178-3-4.wav,4
./data/179-1-4.wav,4
./data/223-1-4.wav,4
./data/217-1-4.wav,4
./data/216-2-4.wav,4
./data/214-0-4.wav,4
./data/212-1-4.wav,4
./data/210-1-4.wav,4
./data/202-0-4.wav,4
./data/201-2-4.wav,4
./data/134-3-4.wav,4
./data/198-3-4.wav,4
./data/192-2-4.wav,4
./data/190-0-4.wav,4
./data/189-1-4.wav,4
./data/187-0-4.wav,4
./data/187-1-4.wav,4
./data/185-1-4.wav,4
./data/181-1-4.wav,4
./data/179-0-4.wav,4
./data/192-0-4.wav,4
./data/133-3-4.wav,4
./data/130-0-4.wav,4
./data/118-2-4.wav,4
./data/62-1-4.wav,4
./data/50-3-4.wav,4
./data/47-1-4.wav,4
./data/41-2-4.wav,4
./data/4-1-4.wav,4
./data/12-1-4.wav,4
./data/20-0-4.wav,4
./data/20-1-4.wav,4
./data/68-0-4.wav,4
./data/22-2-4.wav,4
./data/25-2-4.wav,4
./data/26-3-4.wav,4
./data/27-1-4.wav,4
./data/27-2-4.wav,4
./data/30-3-4.wav,4
./data/31-3-4.wav,4
./data/32-2-4.wav,4
./data/35-2-4.wav,4
./data/23-1-4.wav,4
./data/226-1-4.wav,4
./data/69-1-4.wav,4
./data/72-0-4.wav,4
./data/115-3-4.wav,4
./data/114-2-4.wav,4
./data/112-0-4.wav,4
./data/110-2-4.wav,4
./data/108-2-4.wav,4
./data/104-0-4.wav,4
./data/102-2-4.wav,4
./data/101-0-4.wav,4
./data/70-3-4.wav,4
./data/99-1-4.wav,4
./data/95-0-4.wav,4
./data/94-3-4.wav,4
./data/91-3-4.wav,4
./data/87-1-4.wav,4
./data/86-1-4.wav,4
./data/84-0-4.wav,4
./data/81-1-4.wav,4
./data/80-1-4.wav,4
./data/96-3-4.wav,4
./data/425-3-4.wav,4
./data/227-1-4.wav,4
./data/229-0-4.wav,4
./data/379-1-4.wav,4
./data/377-0-4.wav,4
./data/375-0-4.wav,4
./data/373-3-4.wav,4
./data/369-1-4.wav,4
./data/368-3-4.wav,4
./data/367-3-4.wav,4
./data/365-2-4.wav,4
./data/364-2-4.wav,4
./data/362-1-4.wav,4
./data/356-2-4.wav,4
./data/354-3-4.wav,4
./data/352-2-4.wav,4
./data/352-0-4.wav,4
./data/349-3-4.wav,4
./data/348-0-4.wav,4
./data/347-3-4.wav,4
./data/379-2-4.wav,4
./data/381-2-4.wav,4
./data/381-3-4.wav,4
./data/385-2-4.wav,4
./data/423-2-4.wav,4
./data/419-0-4.wav,4
./data/419-3-4.wav,4
./data/416-0-4.wav,4
./data/414-3-4.wav,4
./data/412-0-4.wav,4
./data/411-2-4.wav,4
./data/404-3-4.wav,4
./data/345-1-4.wav,4
./data/401-2-4.wav,4
./data/397-0-4.wav,4
./data/397-2-4.wav,4
./data/397-1-4.wav,4
./data/396-2-4.wav,4
./data/396-3-4.wav,4
./data/392-2-4.wav,4
./data/391-0-4.wav,4
./data/386-3-4.wav,4
./data/399-3-4.wav,4
./data/344-1-4.wav,4
./data/342-2-4.wav,4
./data/341-2-4.wav,4
./data/272-2-4.wav,4
./data/270-1-4.wav,4
./data/270-0-4.wav,4
./data/268-3-4.wav,4
./data/255-0-4.wav,4
./data/253-0-4.wav,4
./data/252-1-4.wav,4
./data/250-2-4.wav,4
./data/272-0-4.wav,4
./data/246-1-4.wav,4
./data/243-1-4.wav,4
./data/242-2-4.wav,4
./data/40-1-4.wav,4
./data/237-2-4.wav,4
./data/234-2-4.wav,4
./data/233-0-4.wav,4
./data/233-1-4.wav,4
./data/232-0-4.wav,4
./data/245-2-4.wav,4
./data/229-1-4.wav,4
./data/274-3-4.wav,4
./data/282-0-4.wav,4
./data/339-2-4.wav,4
./data/338-3-4.wav,4
./data/337-1-4.wav,4
./data/332-1-4.wav,4
./data/332-3-4.wav,4
./data/328-1-4.wav,4
./data/322-2-4.wav,4
./data/317-2-4.wav,4
./data/281-1-4.wav,4
./data/310-1-4.wav,4
./data/302-0-4.wav,4
./data/299-0-4.wav,4
./data/299-1-4.wav,4
./data/296-0-4.wav,4
./data/295-0-4.wav,4
./data/290-1-4.wav,4
./data/289-3-4.wav,4
./data/282-3-4.wav,4
./data/307-2-4.wav,4
./data/237-3-4.wav,4
./data/499-3-4.wav,4
./data/222-3-5.wav,5
./data/340-3-5.wav,5
./data/345-0-5.wav,5
./data/347-2-5.wav,5
./data/349-2-5.wav,5
./data/359-2-5.wav,5
./data/361-2-5.wav,5
./data/361-3-5.wav,5
./data/368-0-5.wav,5
./data/371-2-5.wav,5
./data/336-0-5.wav,5
./data/372-3-5.wav,5
./data/376-0-5.wav,5
./data/378-0-5.wav,5
./data/380-3-5.wav,5
./data/380-2-5.wav,5
./data/385-0-5.wav,5
./data/388-3-5.wav,5
./data/401-3-5.wav,5
./data/401-0-5.wav,5
./data/404-1-5.wav,5
./data/373-0-5.wav,5
./data/331-0-5.wav,5
./data/328-0-5.wav,5
./data/327-0-5.wav,5
./data/257-3-5.wav,5
./data/270-3-5.wav,5
./data/273-0-5.wav,5
./data/277-3-5.wav,5
./data/279-2-5.wav,5
./data/285-0-5.wav,5
./data/287-1-5.wav,5
./data/291-3-5.wav,5
./data/292-0-5.wav,5
./data/293-2-5.wav,5
./data/304-1-5.wav,5
./data/306-2-5.wav,5
./data/308-1-5.wav,5
./data/312-2-5.wav,5
./data/313-1-5.wav,5
./data/319-2-5.wav,5
./data/321-2-5.wav,5
./data/322-3-5.wav,5
./data/324-2-5.wav,5
./data/326-1-5.wav,5
./data/326-0-5.wav,5
./data/405-3-5.wav,5
./data/252-0-5.wav,5
./data/406-0-5.wav,5
./data/407-2-5.wav,5
./data/465-3-5.wav,5
./data/466-2-5.wav,5
./data/469-2-5.wav,5
./data/470-1-5.wav,5
./data/471-1-5.wav,5
./data/475-0-5.wav,5
./data/484-0-5.wav,5
./data/485-3-5.wav,5
./data/495-2-5.wav,5
./data/465-1-5.wav,5
./data/498-3-5.wav,5
./data/4-3-5.wav,5
./data/4-2-5.wav,5
./data/5-3-5.wav,5
./data/6-1-5.wav,5
./data/7-2-5.wav,5
./data/7-3-5.wav,5
./data/10-1-5.wav,5
./data/12-0-5.wav,5
./data/13-3-5.wav,5
./data/0-2-5.wav,5
./data/464-3-5.wav,5
./data/460-3-5.wav,5
./data/459-1-5.wav,5
./data/408-2-5.wav,5
./data/409-3-5.wav,5
./data/413-0-5.wav,5
./data/415-3-5.wav,5
./data/417-0-5.wav,5
./data/418-1-5.wav,5
./data/424-0-5.wav,5
./data/424-2-5.wav,5
./data/426-0-5.wav,5
./data/427-0-5.wav,5
./data/435-2-5.wav,5
./data/437-2-5.wav,5
./data/438-2-5.wav,5
./data/438-3-5.wav,5
./data/445-3-5.wav,5
./data/446-0-5.wav,5
./data/447-2-5.wav,5
./data/449-3-5.wav,5
./data/451-0-5.wav,5
./data/453-3-5.wav,5
./data/454-1-5.wav,5
./data/406-1-5.wav,5
./data/252-2-5.wav,5
./data/408-3-5.wav,5
./data/248-2-5.wav,5
./data/84-1-5.wav,5
./data/88-1-5.wav,5
./data/90-2-5.wav,5
./data/95-2-5.wav,5
./data/99-0-5.wav,5
./data/103-0-5.wav,5
./data/109-2-5.wav,5
./data/109-1-5.wav,5
./data/82-0-5.wav,5
./data/115-1-5.wav,5
./data/116-0-5.wav,5
./data/119-1-5.wav,5
./data/120-0-5.wav,5
./data/121-0-5.wav,5
./data/122-2-5.wav,5
./data/124-1-5.wav,5
./data/125-2-5.wav,5
./data/135-3-5.wav,5
./data/116-1-5.wav,5
./data/136-1-5.wav,5
./data/82-3-5.wav,5
./data/74-1-5.wav,5
./data/251-2-5.wav,5
./data/14-3-5.wav,5
./data/19-0-5.wav,5
./data/28-0-5.wav,5
./data/29-1-5.wav,5
./data/35-0-5.wav,5
./data/36-1-5.wav,5
./data/37-1-5.wav,5
./data/81-0-5.wav,5
./data/39-2-5.wav,5
./data/46-0-5.wav,5
./data/47-2-5.wav,5
./data/49-3-5.wav,5
./data/51-3-5.wav,5
./data/56-0-5.wav,5
./data/58-3-5.wav,5
./data/67-1-5.wav,5
./data/71-1-5.wav,5
./data/43-2-5.wav,5
./data/140-0-5.wav,5
./data/66-2-5.wav,5
./data/143-2-5.wav,5
./data/200-0-5.wav,5
./data/200-3-5.wav,5
./data/205-3-5.wav,5
./data/206-2-5.wav,5
./data/206-1-5.wav,5
./data/207-3-5.wav,5
./data/208-3-5.wav,5
./data/208-1-5.wav,5
./data/197-3-5.wav,5
./data/209-1-5.wav,5
./data/216-0-5.wav,5
./data/220-2-5.wav,5
./data/221-3-5.wav,5
./data/224-0-5.wav,5
./data/231-3-5.wav,5
./data/233-3-5.wav,5
./data/141-0-5.wav,5
./data/244-3-5.wav,5
./data/215-1-5.wav,5
./data/191-2-5.wav,5
./data/213-0-5.wav,5
./data/188-2-5.wav,5
./data/144-0-5.wav,5
./data/146-3-5.wav,5
./data/191-0-5.wav,5
./data/155-2-5.wav,5
./data/158-1-5.wav,5
./data/159-0-5.wav,5
./data/165-2-5.wav,5
./data/169-2-5.wav,5
./data/170-2-5.wav,5
./data/162-1-5.wav,5
./data/175-1-5.wav,5
./data/178-2-5.wav,5
./data/186-3-5.wav,5
./data/186-0-5.wav,5
./data/181-2-5.wav,5
./data/183-1-5.wav,5
./data/171-1-5.wav,5
./data/183-0-5.wav,5
./data/208-0-6.wav,6
./data/194-2-6.wav,6
./data/194-0-6.wav,6
./data/194-3-6.wav,6
./data/202-2-6.wav,6
./data/198-1-6.wav,6
./data/209-3-6.wav,6
./data/204-2-6.wav,6
./data/193-1-6.wav,6
./data/206-0-6.wav,6
./data/195-2-6.wav,6
./data/191-1-6.wav,6
./data/178-0-6.wav,6
./data/188-3-6.wav,6
./data/187-2-6.wav,6
./data/185-0-6.wav,6
./data/184-0-6.wav,6
./data/183-3-6.wav,6
./data/180-1-6.wav,6
./data/177-3-6.wav,6
./data/172-0-6.wav,6
./data/171-2-6.wav,6
./data/152-0-6.wav,6
./data/209-2-6.wav,6
./data/167-3-6.wav,6
./data/190-3-6.wav,6
./data/216-3-6.wav,6
./data/256-2-6.wav,6
./data/219-1-6.wav,6
./data/265-3-6.wav,6
./data/151-2-6.wav,6
./data/266-3-6.wav,6
./data/265-2-6.wav,6
./data/264-1-6.wav,6
./data/260-1-6.wav,6
./data/258-1-6.wav,6
./data/258-0-6.wav,6
./data/256-0-6.wav,6
./data/255-3-6.wav,6
./data/252-3-6.wav,6
./data/250-3-6.wav,6
./data/218-1-6.wav,6
./data/246-2-6.wav,6
./data/242-0-6.wav,6
./data/238-0-6.wav,6
./data/237-1-6.wav,6
./data/234-0-6.wav,6
./data/233-2-6.wav,6
./data/232-3-6.wav,6
./data/231-2-6.wav,6
./data/228-0-6.wav,6
./data/228-2-6.wav,6
./data/227-2-6.wav,6
./data/224-3-6.wav,6
./data/220-3-6.wav,6
./data/244-2-6.wav,6
./data/143-1-6.wav,6
./data/46-2-6.wav,6
./data/131-2-6.wav,6
./data/65-1-6.wav,6
./data/65-2-6.wav,6
./data/63-3-6.wav,6
./data/60-3-6.wav,6
./data/59-3-6.wav,6
./data/57-0-6.wav,6
./data/56-3-6.wav,6
./data/54-2-6.wav,6
./data/50-0-6.wav,6
./data/48-0-6.wav,6
./data/33-1-6.wav,6
./data/30-1-6.wav,6
./data/66-3-6.wav,6
./data/21-1-6.wav,6
./data/10-3-6.wav,6
./data/9-1-6.wav,6
./data/9-0-6.wav,6
./data/8-1-6.wav,6
./data/6-3-6.wav,6
./data/6-2-6.wav,6
./data/43-3-6.wav,6
./data/43-0-6.wav,6
./data/42-0-6.wav,6
./data/4-0-6.wav,6
./data/267-2-6.wav,6
./data/40-0-6.wav,6
./data/17-3-6.wav,6
./data/139-2-6.wav,6
./data/67-2-6.wav,6
./data/72-2-6.wav,6
./data/130-2-6.wav,6
./data/128-1-6.wav,6
./data/127-2-6.wav,6
./data/126-0-6.wav,6
./data/125-0-6.wav,6
./data/124-0-6.wav,6
./data/124-3-6.wav,6
./data/118-0-6.wav,6
./data/116-3-6.wav,6
./data/113-3-6.wav,6
./data/111-3-6.wav,6
./data/111-0-6.wav,6
./data/71-2-6.wav,6
./data/111-2-6.wav,6
./data/104-2-6.wav,6
./data/101-1-6.wav,6
./data/101-2-6.wav,6
./data/100-1-6.wav,6
./data/94-2-6.wav,6
./data/93-3-6.wav,6
./data/91-1-6.wav,6
./data/82-1-6.wav,6
./data/81-3-6.wav,6
./data/79-2-6.wav,6
./data/77-3-6.wav,6
./data/77-1-6.wav,6
./data/107-0-6.wav,6
./data/267-3-6.wav,6
./data/280-2-6.wav,6
./data/272-3-6.wav,6
./data/440-2-6.wav,6
./data/439-2-6.wav,6
./data/435-1-6.wav,6
./data/434-1-6.wav,6
./data/433-3-6.wav,6
./data/432-2-6.wav,6
./data/432-3-6.wav,6
./data/429-3-6.wav,6
./data/424-3-6.wav,6
./data/421-2-6.wav,6
./data/443-2-6.wav,6
./data/416-3-6.wav,6
./data/413-2-6.wav,6
./data/412-1-6.wav,6
./data/410-2-6.wav,6
./data/409-2-6.wav,6
./data/408-1-6.wav,6
./data/406-3-6.wav,6
./data/405-0-6.wav,6
./data/404-0-6.wav,6
./data/404-2-6.wav,6
./data/403-1-6.wav,6
./data/415-1-6.wav,6
./data/444-3-6.wav,6
./data/445-2-6.wav,6
./data/445-1-6.wav,6
./data/268-0-6.wav,6
./data/497-2-6.wav,6
./data/493-2-6.wav,6
./data/484-1-6.wav,6
./data/482-2-6.wav,6
./data/481-0-6.wav,6
./data/479-0-6.wav,6
./data/477-2-6.wav,6
./data/476-0-6.wav,6
./data/473-1-6.wav,6
./data/472-2-6.wav,6
./data/471-0-6.wav,6
./data/469-0-6.wav,6
./data/463-3-6.wav,6
./data/462-1-6.wav,6
./data/460-0-6.wav,6
./data/460-1-6.wav,6
./data/456-2-6.wav,6
./data/454-3-6.wav,6
./data/452-3-6.wav,6
./data/452-0-6.wav,6
./data/451-3-6.wav,6
./data/450-0-6.wav,6
./data/403-0-6.wav,6
./data/402-3-6.wav,6
./data/40-2-6.wav,6
./data/398-1-6.wav,6
./data/339-3-6.wav,6
./data/337-2-6.wav,6
./data/336-3-6.wav,6
./data/333-3-6.wav,6
./data/331-2-6.wav,6
./data/330-0-6.wav,6
./data/329-0-6.wav,6
./data/326-2-6.wav,6
./data/315-1-6.wav,6
./data/314-2-6.wav,6
./data/340-1-6.wav,6
./data/313-2-6.wav,6
./data/299-3-6.wav,6
./data/297-2-6.wav,6
./data/288-1-6.wav,6
./data/285-3-6.wav,6
./data/284-1-6.wav,6
./data/280-1-6.wav,6
./data/37-2-6.wav,6
./data/273-2-6.wav,6
./data/402-2-6.wav,6
./data/273-3-6.wav,6
./data/303-2-6.wav,6
./data/341-3-6.wav,6
./data/277-2-6.wav,6
./data/349-0-6.wav,6
./data/346-2-6.wav,6
./data/398-2-6.wav,6
./data/393-3-6.wav,6
./data/391-3-6.wav,6
./data/390-0-6.wav,6
./data/389-3-6.wav,6
./data/387-2-6.wav,6
./data/384-1-6.wav,6
./data/379-3-6.wav,6
./data/375-2-6.wav,6
./data/373-1-6.wav,6
./data/394-0-6.wav,6
./data/371-0-6.wav,6
./data/354-0-6.wav,6
./data/372-1-6.wav,6
./data/356-0-6.wav,6
./data/357-2-6.wav,6
./data/358-2-6.wav,6
./data/396-0-6.wav,6
./data/360-0-6.wav,6
./data/365-0-6.wav,6
./data/366-1-6.wav,6
./data/366-2-6.wav,6
./data/360-1-6.wav,6
./data/206-3-7.wav,7
./data/203-3-7.wav,7
./data/199-2-7.wav,7
./data/198-2-7.wav,7
./data/196-1-7.wav,7
./data/187-3-7.wav,7
./data/186-2-7.wav,7
./data/182-1-7.wav,7
./data/173-0-7.wav,7
./data/170-0-7.wav,7
./data/170-3-7.wav,7
./data/169-1-7.wav,7
./data/168-2-7.wav,7
./data/161-3-7.wav,7
./data/158-3-7.wav,7
./data/155-3-7.wav,7
./data/148-2-7.wav,7
./data/207-0-7.wav,7
./data/175-3-7.wav,7
./data/169-3-7.wav,7
./data/231-1-7.wav,7
./data/207-2-7.wav,7
./data/146-0-7.wav,7
./data/254-0-7.wav,7
./data/253-1-7.wav,7
./data/249-3-7.wav,7
./data/247-3-7.wav,7
./data/243-2-7.wav,7
./data/241-3-7.wav,7
./data/241-1-7.wav,7
./data/239-1-7.wav,7
./data/207-1-7.wav,7
./data/239-0-7.wav,7
./data/237-0-7.wav,7
./data/230-0-7.wav,7
./data/229-3-7.wav,7
./data/223-0-7.wav,7
./data/222-1-7.wav,7
./data/221-0-7.wav,7
./data/217-3-7.wav,7
./data/217-0-7.wav,7
./data/210-3-7.wav,7
./data/239-2-7.wav,7
./data/145-3-7.wav,7
./data/93-1-7.wav,7
./data/140-1-7.wav,7
./data/88-2-7.wav,7
./data/87-3-7.wav,7
./data/86-0-7.wav,7
./data/83-1-7.wav,7
./data/83-0-7.wav,7
./data/82-2-7.wav,7
./data/77-2-7.wav,7
./data/73-1-7.wav,7
./data/72-1-7.wav,7
./data/89-3-7.wav,7
./data/71-0-7.wav,7
./data/65-0-7.wav,7
./data/65-3-7.wav,7
./data/64-3-7.wav,7
./data/64-1-7.wav,7
./data/61-0-7.wav,7
./data/58-2-7.wav,7
./data/55-1-7.wav,7
./data/51-2-7.wav,7
./data/46-3-7.wav,7
./data/67-3-7.wav,7
./data/145-0-7.wav,7
./data/90-1-7.wav,7
./data/95-1-7.wav,7
./data/140-3-7.wav,7
./data/135-2-7.wav,7
./data/134-1-7.wav,7
./data/132-3-7.wav,7
./data/130-1-7.wav,7
./data/129-1-7.wav,7
./data/125-1-7.wav,7
./data/123-3-7.wav,7
./data/123-2-7.wav,7
./data/256-3-7.wav,7
./data/123-1-7.wav,7
./data/122-3-7.wav,7
./data/115-0-7.wav,7
./data/112-2-7.wav,7
./data/110-1-7.wav,7
./data/108-1-7.wav,7
./data/108-0-7.wav,7
./data/104-3-7.wav,7
./data/101-3-7.wav,7
./data/96-0-7.wav,7
./data/122-1-7.wav,7
./data/263-3-7.wav,7
./data/320-1-7.wav,7
./data/273-1-7.wav,7
./data/433-2-7.wav,7
./data/430-1-7.wav,7
./data/422-3-7.wav,7
./data/419-2-7.wav,7
./data/418-0-7.wav,7
./data/418-2-7.wav,7
./data/410-3-7.wav,7
./data/410-1-7.wav,7
./data/407-0-7.wav,7
./data/402-0-7.wav,7
./data/399-0-7.wav,7
./data/399-1-7.wav,7
./data/398-3-7.wav,7
./data/394-2-7.wav,7
./data/393-0-7.wav,7
./data/392-0-7.wav,7
./data/388-1-7.wav,7
./data/386-1-7.wav,7
./data/386-2-7.wav,7
./data/442-2-7.wav,7
./data/442-0-7.wav,7
./data/450-3-7.wav,7
./data/452-2-7.wav,7
./data/496-2-7.wav,7
./data/495-3-7.wav,7
./data/493-0-7.wav,7
./data/491-2-7.wav,7
./data/491-0-7.wav,7
./data/490-2-7.wav,7
./data/488-2-7.wav,7
./data/487-3-7.wav,7
./data/485-1-7.wav,7
./data/383-3-7.wav,7
./data/481-2-7.wav,7
./data/478-2-7.wav,7
./data/475-3-7.wav,7
./data/475-1-7.wav,7
./data/470-3-7.wav,7
./data/470-0-7.wav,7
./data/463-1-7.wav,7
./data/462-3-7.wav,7
./data/454-0-7.wav,7
./data/454-2-7.wav,7
./data/479-3-7.wav,7
./data/382-2-7.wav,7
./data/380-0-7.wav,7
./data/380-1-7.wav,7
./data/309-3-7.wav,7
./data/307-3-7.wav,7
./data/302-2-7.wav,7
./data/302-3-7.wav,7
./data/301-2-7.wav,7
./data/297-1-7.wav,7
./data/296-2-7.wav,7
./data/295-2-7.wav,7
./data/293-1-7.wav,7
./data/312-0-7.wav,7
./data/291-2-7.wav,7
./data/290-3-7.wav,7
./data/290-0-7.wav,7
./data/290-2-7.wav,7
./data/286-2-7.wav,7
./data/281-2-7.wav,7
./data/281-0-7.wav,7
./data/278-3-7.wav,7
./data/276-1-7.wav,7
./data/274-0-7.wav,7
./data/291-0-7.wav,7
./data/272-1-7.wav,7
./data/316-2-7.wav,7
./data/320-2-7.wav,7
./data/377-1-7.wav,7
./data/376-2-7.wav,7
./data/374-3-7.wav,7
./data/374-0-7.wav,7
./data/374-2-7.wav,7
./data/366-3-7.wav,7
./data/363-1-7.wav,7
./data/356-3-7.wav,7
./data/355-2-7.wav,7
./data/318-2-7.wav,7
./data/353-2-7.wav,7
./data/345-2-7.wav,7
./data/344-2-7.wav,7
./data/343-1-7.wav,7
./data/343-3-7.wav,7
./data/340-0-7.wav,7
./data/337-3-7.wav,7
./data/334-3-7.wav,7
./data/329-1-7.wav,7
./data/328-2-7.wav,7
./data/349-1-7.wav,7
./data/384-3-7.wav,7
./data/3-1-7.wav,7
./data/41-0-7.wav,7
./data/0-3-7.wav,7
./data/36-2-7.wav,7
./data/26-0-7.wav,7
./data/25-1-7.wav,7
./data/25-3-7.wav,7
./data/37-0-7.wav,7
./data/18-2-7.wav,7
./data/15-1-7.wav,7
./data/15-0-7.wav,7
./data/6-0-7.wav,7
./data/20-2-7.wav,7
./data/5-2-7.wav,7
./data/171-3-8.wav,8
./data/174-2-8.wav,8
./data/179-2-8.wav,8
./data/182-2-8.wav,8
./data/185-2-8.wav,8
./data/193-3-8.wav,8
./data/196-0-8.wav,8
./data/197-1-8.wav,8
./data/166-3-8.wav,8
./data/184-2-8.wav,8
./data/161-0-8.wav,8
./data/153-2-8.wav,8
./data/159-3-8.wav,8
./data/159-1-8.wav,8
./data/158-0-8.wav,8
./data/156-2-8.wav,8
./data/199-1-8.wav,8
./data/152-2-8.wav,8
./data/150-1-8.wav,8
./data/150-3-8.wav,8
./data/146-2-8.wav,8
./data/142-0-8.wav,8
./data/142-3-8.wav,8
./data/161-1-8.wav,8
./data/200-2-8.wav,8
./data/219-0-8.wav,8
./data/204-1-8.wav,8
./data/263-1-8.wav,8
./data/262-1-8.wav,8
./data/261-0-8.wav,8
./data/261-2-8.wav,8
./data/258-2-8.wav,8
./data/257-1-8.wav,8
./data/257-2-8.wav,8
./data/254-3-8.wav,8
./data/251-1-8.wav,8
./data/246-0-8.wav,8
./data/245-0-8.wav,8
./data/242-3-8.wav,8
./data/238-2-8.wav,8
./data/236-2-8.wav,8
./data/235-3-8.wav,8
./data/226-3-8.wav,8
./data/226-2-8.wav,8
./data/225-1-8.wav,8
./data/223-3-8.wav,8
./data/220-0-8.wav,8
./data/219-3-8.wav,8
./data/139-0-8.wav,8
./data/215-2-8.wav,8
./data/211-2-8.wav,8
./data/205-0-8.wav,8
./data/201-1-8.wav,8
./data/135-1-8.wav,8
./data/121-3-8.wav,8
./data/132-2-8.wav,8
./data/55-3-8.wav,8
./data/55-2-8.wav,8
./data/53-0-8.wav,8
./data/52-3-8.wav,8
./data/49-2-8.wav,8
./data/42-3-8.wav,8
./data/38-2-8.wav,8
./data/38-0-8.wav,8
./data/36-3-8.wav,8
./data/35-3-8.wav,8
./data/34-2-8.wav,8
./data/57-2-8.wav,8
./data/31-0-8.wav,8
./data/29-2-8.wav,8
./data/28-3-8.wav,8
./data/27-0-8.wav,8
./data/24-1-8.wav,8
./data/21-3-8.wav,8
./data/15-2-8.wav,8
./data/14-1-8.wav,8
./data/13-1-8.wav,8
./data/11-0-8.wav,8
./data/7-0-8.wav,8
./data/1-3-8.wav,8
./data/30-0-8.wav,8
./data/59-0-8.wav,8
./data/62-2-8.wav,8
./data/69-0-8.wav,8
./data/132-0-8.wav,8
./data/127-1-8.wav,8
./data/127-3-8.wav,8
./data/121-1-8.wav,8
./data/264-0-8.wav,8
./data/120-3-8.wav,8
./data/114-3-8.wav,8
./data/109-0-8.wav,8
./data/106-3-8.wav,8
./data/104-1-8.wav,8
./data/103-2-8.wav,8
./data/102-0-8.wav,8
./data/102-3-8.wav,8
./data/100-2-8.wav,8
./data/97-1-8.wav,8
./data/92-2-8.wav,8
./data/88-3-8.wav,8
./data/88-0-8.wav,8
./data/85-3-8.wav,8
./data/79-1-8.wav,8
./data/78-0-8.wav,8
./data/76-1-8.wav,8
./data/73-3-8.wav,8
./data/71-3-8.wav,8
./data/69-3-8.wav,8
./data/133-2-8.wav,8
./data/267-0-8.wav,8
./data/78-2-8.wav,8
./data/275-3-8.wav,8
./data/448-0-8.wav,8
./data/439-3-8.wav,8
./data/432-1-8.wav,8
./data/431-3-8.wav,8
./data/428-1-8.wav,8
./data/428-3-8.wav,8
./data/422-0-8.wav,8
./data/448-2-8.wav,8
./data/421-3-8.wav,8
./data/419-1-8.wav,8
./data/417-3-8.wav,8
./data/415-2-8.wav,8
./data/411-1-8.wav,8
./data/403-2-8.wav,8
./data/400-3-8.wav,8
./data/398-0-8.wav,8
./data/420-0-8.wav,8
./data/449-0-8.wav,8
./data/461-0-8.wav,8
./data/464-0-8.wav,8
./data/268-1-8.wav,8
./data/496-3-8.wav,8
./data/494-3-8.wav,8
./data/493-1-8.wav,8
./data/491-1-8.wav,8
./data/489-2-8.wav,8
./data/485-2-8.wav,8
./data/483-2-8.wav,8
./data/480-2-8.wav,8
./data/478-1-8.wav,8
./data/476-2-8.wav,8
./data/474-2-8.wav,8
./data/473-2-8.wav,8
./data/473-0-8.wav,8
./data/472-0-8.wav,8
./data/468-0-8.wav,8
./data/465-2-8.wav,8
./data/396-1-8.wav,8
./data/385-3-8.wav,8
./data/468-2-8.wav,8
./data/381-1-8.wav,8
./data/327-3-8.wav,8
./data/325-3-8.wav,8
./data/324-0-8.wav,8
./data/323-2-8.wav,8
./data/314-0-8.wav,8
./data/311-0-8.wav,8
./data/310-0-8.wav,8
./data/300-1-8.wav,8
./data/298-2-8.wav,8
./data/298-3-8.wav,8
./data/295-1-8.wav,8
./data/292-2-8.wav,8
./data/283-2-8.wav,8
./data/283-3-8.wav,8
./data/282-2-8.wav,8
./data/384-2-8.wav,8
./data/279-0-8.wav,8
./data/331-3-8.wav,8
./data/332-2-8.wav,8
./data/309-0-8.wav,8
./data/334-2-8.wav,8
./data/378-3-8.wav,8
./data/333-1-8.wav,8
./data/373-2-8.wav,8
./data/372-2-8.wav,8
./data/371-1-8.wav,8
./data/378-2-8.wav,8
./data/368-2-8.wav,8
./data/364-1-8.wav,8
./data/362-2-8.wav,8
./data/371-3-8.wav,8
./data/358-1-8.wav,8
./data/357-0-8.wav,8
./data/356-1-8.wav,8
./data/354-2-8.wav,8
./data/351-1-8.wav,8
./data/342-1-8.wav,8
./data/360-3-8.wav,8
./data/339-1-8.wav,8
./data/353-1-9.wav,9
./data/376-1-9.wav,9
./data/375-1-9.wav,9
./data/369-0-9.wav,9
./data/358-3-9.wav,9
./data/367-0-9.wav,9
./data/351-2-9.wav,9
./data/355-0-9.wav,9
./data/369-3-9.wav,9
./data/378-1-9.wav,9
./data/407-3-9.wav,9
./data/383-1-9.wav,9
./data/387-1-9.wav,9
./data/392-3-9.wav,9
./data/394-1-9.wav,9
./data/405-1-9.wav,9
./data/412-3-9.wav,9
./data/414-1-9.wav,9
./data/350-3-9.wav,9
./data/414-0-9.wav,9
./data/379-0-9.wav,9
./data/348-3-9.wav,9
./data/277-0-9.wav,9
./data/343-0-9.wav,9
./data/416-2-9.wav,9
./data/270-2-9.wav,9
./data/275-1-9.wav,9
./data/275-0-9.wav,9
./data/275-2-9.wav,9
./data/282-1-9.wav,9
./data/283-1-9.wav,9
./data/288-3-9.wav,9
./data/295-3-9.wav,9
./data/301-3-9.wav,9
./data/344-3-9.wav,9
./data/307-1-9.wav,9
./data/309-2-9.wav,9
./data/310-2-9.wav,9
./data/317-3-9.wav,9
./data/319-0-9.wav,9
./data/321-3-9.wav,9
./data/324-3-9.wav,9
./data/324-1-9.wav,9
./data/333-0-9.wav,9
./data/338-1-9.wav,9
./data/340-2-9.wav,9
./data/308-3-9.wav,9
./data/423-1-9.wav,9
./data/28-2-9.wav,9
./data/428-2-9.wav,9
./data/478-3-9.wav,9
./data/482-3-9.wav,9
./data/482-1-9.wav,9
./data/484-2-9.wav,9
./data/486-2-9.wav,9
./data/486-0-9.wav,9
./data/487-1-9.wav,9
./data/490-3-9.wav,9
./data/493-3-9.wav,9
./data/497-0-9.wav,9
./data/499-2-9.wav,9
./data/30-2-9.wav,9
./data/23-0-9.wav,9
./data/16-1-9.wav,9
./data/16-0-9.wav,9
./data/14-2-9.wav,9
./data/12-3-9.wav,9
./data/8-0-9.wav,9
./data/8-2-9.wav,9
./data/3-0-9.wav,9
./data/1-2-9.wav,9
./data/477-1-9.wav,9
./data/475-2-9.wav,9
./data/467-0-9.wav,9
./data/466-0-9.wav,9
./data/428-0-9.wav,9
./data/429-2-9.wav,9
./data/431-2-9.wav,9
./data/434-3-9.wav,9
./data/435-3-9.wav,9
./data/436-1-9.wav,9
./data/439-1-9.wav,9
./data/441-3-9.wav,9
./data/441-0-9.wav,9
./data/444-1-9.wav,9
./data/426-2-9.wav,9
./data/446-2-9.wav,9
./data/447-1-9.wav,9
./data/448-3-9.wav,9
./data/450-2-9.wav,9
./data/455-2-9.wav,9
./data/456-0-9.wav,9
./data/458-1-9.wav,9
./data/459-0-9.wav,9
./data/460-2-9.wav,9
./data/462-0-9.wav,9
./data/466-3-9.wav,9
./data/447-0-9.wav,9
./data/269-2-9.wav,9
./data/157-2-9.wav,9
./data/265-0-9.wav,9
./data/39-0-9.wav,9
./data/39-1-9.wav,9
./data/38-3-9.wav,9
./data/34-3-9.wav,9
./data/32-0-9.wav,9
./data/32-1-9.wav,9
./data/105-1-9.wav,9
./data/105-3-9.wav,9
./data/106-2-9.wav,9
./data/107-3-9.wav,9
./data/113-2-9.wav,9
./data/113-1-9.wav,9
./data/113-0-9.wav,9
./data/115-2-9.wav,9
./data/117-0-9.wav,9
./data/117-1-9.wav,9
./data/120-2-9.wav,9
./data/122-0-9.wav,9
./data/123-0-9.wav,9
./data/129-2-9.wav,9
./data/131-3-9.wav,9
./data/45-2-9.wav,9
./data/45-3-9.wav,9
./data/47-0-9.wav,9
./data/50-2-9.wav,9
./data/103-3-9.wav,9
./data/100-3-9.wav,9
./data/98-3-9.wav,9
./data/98-1-9.wav,9
./data/96-1-9.wav,9
./data/94-1-9.wav,9
./data/92-3-9.wav,9
./data/87-2-9.wav,9
./data/86-2-9.wav,9
./data/85-1-9.wav,9
./data/132-1-9.wav,9
./data/66-0-9.wav,9
./data/63-0-9.wav,9
./data/59-1-9.wav,9
./data/58-1-9.wav,9
./data/57-3-9.wav,9
./data/56-1-9.wav,9
./data/54-1-9.wav,9
./data/54-0-9.wav,9
./data/52-0-9.wav,9
./data/52-2-9.wav,9
./data/51-1-9.wav,9
./data/63-2-9.wav,9
./data/266-1-9.wav,9
./data/138-0-9.wav,9
./data/139-3-9.wav,9
./data/217-2-9.wav,9
./data/227-3-9.wav,9
./data/228-3-9.wav,9
./data/230-1-9.wav,9
./data/236-1-9.wav,9
./data/236-0-9.wav,9
./data/236-3-9.wav,9
./data/240-3-9.wav,9
./data/240-1-9.wav,9
./data/243-3-9.wav,9
./data/243-0-9.wav,9
./data/246-3-9.wav,9
./data/247-0-9.wav,9
./data/248-0-9.wav,9
./data/249-1-9.wav,9
./data/256-1-9.wav,9
./data/258-3-9.wav,9
./data/259-0-9.wav,9
./data/259-2-9.wav,9
./data/259-1-9.wav,9
./data/264-2-9.wav,9
./data/214-1-9.wav,9
./data/204-0-9.wav,9
./data/201-0-9.wav,9
./data/199-0-9.wav,9
./data/140-2-9.wav,9
./data/144-1-9.wav,9
./data/147-3-9.wav,9
./data/148-1-9.wav,9
./data/149-3-9.wav,9
./data/151-3-9.wav,9
./data/151-0-9.wav,9
./data/155-0-9.wav,9
./data/156-1-9.wav,9
./data/160-3-9.wav,9
./data/138-3-9.wav,9
./data/161-2-9.wav,9
./data/165-3-9.wav,9
./data/166-0-9.wav,9
./data/166-2-9.wav,9
./data/175-0-9.wav,9
./data/176-1-9.wav,9
./data/179-3-9.wav,9
./data/183-2-9.wav,9
./data/189-0-9.wav,9
./data/190-1-9.wav,9
./data/195-0-9.wav,9
./data/163-2-9.wav,9
./data/0-0-9.wav,9
